lr-Adam,step,loss,epoch
5.004832835715388e-05,49,,
,49,3.1203665733337402,0
